entity_name,entity_type,theme,n_records,n_trade_days,log_trade_freq,avg_hold_days,turnover_rate,log_avg_trade_amount,buy_sell_ratio,trade_regularity,num_stocks,concentration_top3,concentration_top1,avg_position_pct,position_peak_ratio,stock_turnover,avg_return_pct,win_rate,profit_loss_ratio,max_drawdown,return_volatility,sharpe_approx,summary_cum_return_2025,summary_drawdown_2025,summary_annual_return
煤炭周期优选动态轮动策略,strategy,周期轮动,279,63,1.6916760106710724,66.0,1.5751725677092068,10.522650589147418,1.0217391304347827,0.20858297118256547,12.0,0.3833732098886175,0.14182144499270943,0.2811628693637632,2.063772155893336,0.043010752688172046,0.0537,0.5194174757281553,1.630135283905471,-0.2129,0.14458419076102993,0.3714099011610187,0.0537,-0.2129,0.2019
沪深300增强策略,strategy,大盘蓝筹,97,15,2.0104486701928845,35.0,2.8741732475209503,12.142693253012045,1.4871794871794872,0.12255076468647719,27.0,0.21562940079496581,0.08090699457966712,0.05899207037987189,3.9092678180491363,0.27835051546391754,0.593,0.6491228070175439,2.9813405146654532,-0.1756,0.15188563814677034,3.9042532739466216,0.593,-0.1756,0.3231
中证800增强,strategy,大盘均衡,3184,263,2.573105534339101,14.0,2.5915801181958313,12.493640559020742,1.041025641025641,0.18813245812126,167.0,0.1090861694908805,0.036714429865146614,0.02356844412985349,21.034677237791016,0.05244974874371859,1.238,0.5887890457851946,2.548234785772345,-0.1227,0.1885204379274573,6.566927244654411,1.238,-0.1227,0.7556
中证2000增强,strategy,中小盘,1298,446,1.363617652448861,5.0,1.9121447328275911,11.918099980038981,1.015527950310559,0.8821268405094237,151.0,0.09191269164973598,0.035794105453730636,0.08276890556282497,5.748855338799237,0.11633281972265024,0.6757,0.5667701863354038,1.4925354778140634,-0.1532,0.09018037960318111,7.49276065340675,0.6757,-0.1532,0.4503
中证1000增强,strategy,中小盘成长,822,59,2.70352018203046,11.0,2.9790860554251695,12.760844809617799,1.081012658227848,0.177301925637706,149.0,0.06931622717267615,0.027372042425130857,0.026121123330461335,7.539499457470278,0.18126520681265207,1.2996,0.5325884543761639,2.1875802237581774,-0.2344,0.1358386998294221,9.567229380375093,1.2996,-0.2344,0.3703
半导体优选策略,strategy,科技行业,281,63,1.6975069309818658,42.0,1.7772834938539785,11.502583344421009,1.2125984251968505,0.22837777790051184,14.0,0.37843937879997175,0.14969482925945346,0.057336669393123346,3.5736535010914157,0.0498220640569395,0.9891,0.7268041237113402,2.9216482714335155,-0.1962,0.16728103861536198,5.912804034378871,0.9891,-0.1962,1.04
成长红利量化选股,strategy,成长红利,2060,75,3.3487338121264143,57.0,3.862392517114291,10.864992122690754,1.3276836158192091,0.12264838280906416,343.0,0.040897209458203694,0.01456036607505386,0.028036824512781767,5.848623149701138,0.16650485436893203,0.2151,0.5833333333333334,1.1816450587272926,-0.0739,0.1262298748401653,1.7040340115393744,0.2151,-0.0739,0.1643
科创参数加强板,strategy,科创成长,1717,238,2.1058747987479918,13.0,1.787023659858827,10.919814241890743,0.9735632183908046,0.20449936355350695,254.0,0.04813259135656106,0.022910148101582657,0.006902074077518268,8.442935880567326,0.14793244030285382,0.9702,0.4614594039054471,1.8215346943175648,-0.2884,0.191697497208423,5.061098940405834,0.9702,-0.2884,0.0453
双创50增强,strategy,双创成长,697,211,1.4593862451252266,27.5,1.1681438067059848,11.189596788408094,1.5814814814814815,0.3755178259207974,80.0,0.11727562083537782,0.05471494185976223,0.010109528595718969,3.963280369222097,0.11477761836441894,1.1131,0.44362745098039214,2.0613723777110597,-0.2103,0.3881241722631079,2.867896615430161,1.1131,-0.2103,0.2157
医疗ETF增强,strategy,医药行业,471,201,1.2069534324640738,12.0,1.0730637128782776,11.817364725428156,1.8895705521472392,0.9192107054316077,27.0,0.3899059926846909,0.1517237173093945,0.05156735954549337,2.7115212860970526,0.05732484076433121,0.2091,0.42905405405405406,1.8883713451538715,-0.1908,0.10993194743199283,1.9020858347784249,0.2091,-0.1908,0.1511
通信ETF增强,strategy,通信TMT,347,58,1.9434440565601196,14.0,2.116977532358205,13.95783020132219,1.0532544378698225,0.21504368467685972,21.0,0.2776054849069334,0.09328742330888029,0.03436294743845116,4.165571971257743,0.06051873198847262,2.4045,0.6276150627615062,2.7201828735863347,-0.2064,0.1488868827004008,16.149844475140775,2.4045,-0.2064,0.5676
食品ETF增强,strategy,消费防御,233,59,1.5992163583625623,49.0,1.3031853272447342,9.994976092045313,0.957983193277311,0.177301925637706,7.0,0.549611071303621,0.1848983947338897,0.44955870239448753,1.4201642402785326,0.030042918454935622,0.0353,0.512987012987013,1.2458192404444888,-0.1321,0.06460799633377484,0.5463719973242132,0.0353,-0.1321,0.148
军工ETF增强,strategy,军工行业,441,58,2.1521630852050992,56.0,2.4554599873914897,9.495503736333898,1.296875,0.3365728004459065,10.0,0.38470153419249953,0.1354110895362373,0.28046261348409507,2.6840880756280248,0.022675736961451247,0.7849,0.7857142857142857,1.9307427641206085,-0.2151,0.20072038095367617,3.910415057358552,0.7849,-0.2151,0.2268
旅游ETF增强,strategy,消费主题,1004,64,2.8146599361604685,7.0,3.2229512047878943,12.269673260135498,1.140724946695096,0.1719764311094484,41.0,0.11279311727587729,0.039761135356254064,0.030486211934391445,4.505697566984909,0.04083665338645418,-0.127,0.5206611570247934,1.0633157549120944,-0.2114,0.05417271896974672,-2.344353438691611,-0.127,-0.2114,0.1708
动量趋势策略,strategy,动量趋势,3398,298,2.5179129462561702,0.0,3.9031915031121502,15.570133873187777,1.0,0.7943987580529989,761.0,0.4782568424924411,0.15942104384200612,0.011462720204657944,13.396918225628108,0.22395526780459094,1.3091,0.2884955752212389,3.349818893801867,-0.1214,0.04694209381327491,27.88755024876618,1.3091,-0.1214,0.5358
均衡持仓,strategy,均衡配置,1184,62,3.000559314302307,35.0,2.375720785727103,10.171101731081357,0.9700499168053245,0.22036123086043635,71.0,0.11906024467632166,0.045779101131607276,0.36440831674496726,23.40583470606664,0.059966216216216214,0.4361,0.8224181360201511,2.9561314670497127,-0.0939,0.12694144210281322,3.4354423013943003,0.4361,-0.0939,0.2645
杠铃,strategy,杠铃配置,1140,59,3.011705711121795,14.0,1.4960564261278293,11.571195804467827,0.993006993006993,0.32325251352464374,121.0,0.20472945165849676,0.0722958824300968,0.015334555422119712,5.973365530166511,0.10614035087719298,0.3119,0.6871657754010695,1.7922368777628201,-0.12,0.07418978319466744,4.2040829150504715,0.3119,-0.12,0.241
形态识别,strategy,技术择时,5767,1014,1.9002216785327137,6.0,1.259419754835223,11.855031543532567,1.0031260854463355,0.8074747100729579,1033.0,0.038110984842910145,0.013449032651786291,0.029107662356432532,43.10955211349678,0.17912259406970696,0.3346,0.4675234456408475,1.2696189576604675,-0.2057,0.05612385875845131,5.96181387741118,0.3346,-0.2057,0.0604
计算机ETF优选策略,strategy,计算机行业,283,62,1.7164100319862683,42.0,1.7711102214888308,11.703810760674907,1.264,0.2376157746816297,15.0,0.37012125974226917,0.13808948802351068,0.06597931391049268,2.4537910837292345,0.053003533568904596,1.0552,0.6796116504854369,3.4431502336066684,-0.2322,0.2295161995999786,4.597496829588051,1.0552,-0.2322,0.5097
化工ETF优选策略,strategy,化工行业,403,64,1.9874461743092255,14.0,2.5298859850045057,12.259592283814476,1.0561224489795917,0.1719764311094484,17.0,0.28832195521621007,0.10484728309286691,0.05608751843247507,6.7865839381877775,0.04218362282878412,1.496,0.6996466431095406,3.0922194925513566,-0.1441,0.11369025714936928,13.158559383276927,1.496,-0.1441,0.3379
